id,title,start,end,tags,className,allDay
4166,"Computer Science Seminar - Dr. Murtaza Taj, Lahore University of Management Sciences, Pakistan",2017-08-24 13:00:00,2017-08-24 14:00:00,"0,2,0,3,0,49,0,58,0,4,0,0,0,0,0,0,10,0,0,0,0,0,0,0,0,0,0,0,0,0,0,0,0,0,0,0,0,0,0,0,0,0",,False
4165,Green Drinks Oshawa @ UOIT,2017-09-19 17:30:00,2017-09-19 20:00:00,"0,2,0,3,0,49,0,58,0,0,0,0,0,0,0,0,0,0,0,0,0,0,0,0,0,0,0,0,0,0,0,0,0,0,0,0,0,0,0,52,0",,False
3952,Alumni Markham Reception,2017-08-24 18:30:00,2017-08-24 21:00:00,"0,2,0,0,49,0,0,4,0,5,0,6,0,7,0,8,0,9,0,10,0,11,0,0,0,0,0,0,0,0,16,0,0,0,0,0,0,0,0,0,0,0,0,0,0,0,0,0,0",,False
3964,Grad Pro Skills Workshop: Student-Supervisor Relations,2017-08-01 13:00:00,2017-08-01 15:00:00,"0,0,3,0,0,0,0,0,0,0,8,0,0,0,0,0,0,0,0,0,0,0,0,0,0,0,0,0,0,0,0,0,0,0,0,0,0,0,0,0",,False
3975,Civic Holiday - statutory holiday (no lectures),2017-08-07 00:15:00,2017-08-07 23:45:00,"0,0,0,0,0,0,0,0,0,0,0,0,0,0,0,0,0,0,0,0,0,0,0,0,0,0,0,0,0,0,0,23,0,0,0,0,0,0,0",,False
3981,2017 Student Research Showcase,2017-08-24 09:30:00,2017-08-24 15:00:00,"0,0,3,0,0,58,0,4,0,5,0,6,0,7,0,0,9,0,10,0,11,0,0,0,0,0,0,0,0,0,0,0,0,0,0,0,0,0,0,0,0,24,0,0,0,0,0,0",,False
3983,Fundamentals of Leadership,2017-09-28 09:00:00,2017-09-28 16:00:00,"0,2,0,0,49,0,58,0,4,0,0,0,0,0,0,0,0,0,0,0,0,0,0,0,0,0,0,0,0,0,59,0,0,0,0,0,0,0,0,0,0,0,0",,False
3984,Strategic Management,2017-10-12 09:00:00,2017-10-12 16:00:00,"0,2,0,0,49,0,58,0,4,0,0,0,0,0,0,0,0,0,0,0,0,0,0,0,0,0,0,0,0,0,59,0,0,0,0,0,0,0,0,0,0,0,0",,False
3985,Management Excellence,2017-10-26 09:00:00,2017-10-26 16:00:00,"0,2,0,0,49,0,58,0,4,0,0,0,0,0,0,0,0,0,0,0,0,0,0,0,0,0,0,0,0,0,59,0,0,0,0,0,0,0,0,0,0,0,0",,False
3986,Performance Management,2017-11-09 09:00:00,2017-11-09 16:00:00,"0,2,0,0,49,0,58,0,4,0,0,0,0,0,0,0,0,0,0,0,0,0,0,0,0,0,0,0,0,0,59,0,0,0,0,0,0,0,0,0,0,0,0",,False
3987,Change Management,2017-11-23 09:00:00,2017-11-23 16:00:00,"0,2,0,0,49,0,58,0,4,0,0,0,0,0,0,0,0,0,0,0,0,0,0,0,0,0,0,0,0,0,59,0,0,0,0,0,0,0,0,0,0,0,0",,False
3988,Critical Thinking and Problem Solving,2017-10-05 09:00:00,2017-10-05 16:00:00,"0,2,0,0,49,0,58,0,4,0,0,0,0,0,0,0,0,0,0,0,0,0,0,0,0,0,0,0,0,0,59,0,0,0,0,0,0,0,0,0,0,0,0",,False
3989,High-Impact Communication Skills,2017-10-19 09:00:00,2017-10-19 16:00:00,"0,2,0,0,49,0,58,0,4,0,0,0,0,0,0,0,0,0,0,0,0,0,0,0,0,0,0,0,0,0,59,0,0,0,0,0,0,0,0,0,0,0,0",,False
3990,Conflict Management and Negotiations,2017-11-02 09:00:00,2017-11-02 16:00:00,"0,2,0,0,49,0,58,0,4,0,0,0,0,0,0,0,0,0,0,0,0,0,0,0,0,0,0,0,0,0,59,0,0,0,0,0,0,0,0,0,0,0,0",,False
3991,"Coaching, Mentoring and Networking",2017-11-16 09:00:00,2017-11-16 16:00:00,"0,2,0,0,49,0,58,0,4,0,0,0,0,0,0,0,0,0,0,0,0,0,0,0,0,0,0,0,0,0,59,0,0,0,0,0,0,0,0,0,0,0,0",,False
3992,Workplace Innovation,2017-11-30 09:00:00,2017-11-30 16:00:00,"0,2,0,0,49,0,58,0,4,0,0,0,0,0,0,0,0,0,0,0,0,0,0,0,0,0,0,0,0,0,59,0,0,0,0,0,0,0,0,0,0,0,0",,False
3993,Legislation and Governance,2017-10-03 09:00:00,2017-10-03 16:00:00,"0,2,0,0,49,0,58,0,4,0,0,0,0,0,0,0,0,0,0,0,0,0,0,0,0,0,0,0,0,0,59,0,0,0,0,0,0,0,0,0,0,0,0",,False
3994,Managing Finance and Report Requirements,2017-10-03 09:00:00,2017-10-03 16:00:00,"0,2,0,0,49,0,58,0,4,0,0,0,0,0,0,0,0,0,0,0,0,0,0,0,0,0,0,0,0,0,59,0,0,0,0,0,0,0,0,0,0,0,0",,False
3995,Leadership and Strategy for Boards and Staff,2017-10-17 09:00:00,2017-10-17 16:00:00,"0,2,0,0,49,0,58,0,4,0,0,0,0,0,0,0,0,0,0,0,0,0,0,0,0,0,0,0,0,0,59,0,0,0,0,0,0,0,0,0,0,0,0",,False
3996,Revenue Generation and Operation Management,2017-10-31 09:00:00,2017-10-31 16:00:00,"0,2,0,0,49,0,58,0,4,0,0,0,0,0,0,0,0,0,0,0,0,0,0,0,0,0,0,0,0,0,59,0,0,0,0,0,0,0,0,0,0,0,0",,False
3997,Communications and Marketing in a Digital Age,2017-11-14 09:00:00,2017-11-14 16:00:00,"0,2,0,0,49,0,58,0,4,0,0,0,0,0,0,0,0,0,0,0,0,0,0,0,0,0,0,0,0,0,59,0,0,0,0,0,0,0,0,0,0,0,0",,False
3998,People Management - Staff and Volunteers,2017-11-28 09:00:00,2017-11-28 16:00:00,"0,2,0,0,49,0,58,0,4,0,0,0,0,0,0,0,0,0,0,0,0,0,0,0,0,0,0,0,0,0,59,0,0,0,0,0,0,0,0,0,0,0,0",,False
3999,People Management - Staff and Volunteers,2017-11-28 09:00:00,2017-11-28 16:00:00,"0,2,0,0,49,0,58,0,4,0,0,0,0,0,0,0,0,0,0,0,0,0,0,0,0,0,0,0,0,0,59,0,0,0,0,0,0,0,0,0,0,0,0",,False
4000,Digital Media and Marketing Strategies,2017-10-10 09:00:00,2017-10-10 16:00:00,"0,2,0,0,49,0,58,0,4,0,0,0,0,0,0,0,0,0,0,0,0,0,0,0,0,0,0,0,0,0,59,0,0,0,0,0,0,0,0,0,0,0,0",,False
4001,Creating Content and Expanding your Network,2017-10-24 09:00:00,2017-10-24 16:00:00,"0,2,0,0,0,58,0,4,0,0,0,0,0,0,0,0,0,0,0,0,0,0,0,0,0,0,0,0,0,59,0,0,0,0,0,0,0,0,0,0,0,0",,False
4002,Digital Management,2017-11-07 09:00:00,2017-11-07 16:00:00,"0,2,0,0,49,0,58,0,4,0,0,0,0,0,0,0,0,0,0,0,0,0,0,0,0,0,0,0,0,0,59,0,0,0,0,0,0,0,0,0,0,0,0",,False
4003,Fundamentals of Project Management,2017-11-21 09:00:00,2017-11-21 16:00:00,"0,2,0,0,49,0,58,0,4,0,0,0,0,0,0,0,0,0,0,0,0,0,0,0,0,0,0,0,0,0,59,0,0,0,0,0,0,0,0,0,0,0,0",,False
4004,Fundamentals of Cybersecurity,2017-11-15 09:00:00,2017-11-15 16:00:00,"0,2,0,0,49,0,58,0,4,0,0,0,0,0,0,0,0,0,0,0,0,0,0,0,0,0,0,0,0,0,59,0,0,0,0,0,0,0,0,0,0,0,0",,False
4005,Fundamentals of Leadership,2018-01-25 09:00:00,2018-01-25 16:00:00,"0,2,0,0,49,0,58,0,4,0,0,0,0,0,0,0,0,0,0,0,0,0,0,0,0,0,0,0,59,0,0,0,0,0,0,0,0,0,0,0,0",,False
4006,Strategic Management,2018-02-08 09:00:00,2018-02-08 16:00:00,"0,2,0,0,49,0,58,0,4,0,0,0,0,0,0,0,0,0,0,0,0,0,0,0,0,0,0,0,59,0,0,0,0,0,0,0,0,0,0,0,0",,False
4007,Management Excellence,2018-02-22 09:00:00,2018-02-22 16:00:00,"0,2,0,0,49,0,58,0,4,0,0,0,0,0,0,0,0,0,0,0,0,0,0,0,0,0,0,0,59,0,0,0,0,0,0,0,0,0,0,0,0",,False
4008,Performance Management,2018-03-08 09:00:00,2018-03-08 16:00:00,"0,2,0,0,49,0,58,0,4,0,0,0,0,0,0,0,0,0,0,0,0,0,0,0,0,0,0,0,59,0,0,0,0,0,0,0,0,0,0,0,0",,False
4009,Change Management,2018-03-22 09:00:00,2018-03-22 16:00:00,"0,2,0,0,49,0,58,0,4,0,0,0,0,0,0,0,0,0,0,0,0,0,0,0,0,0,0,0,59,0,0,0,0,0,0,0,0,0,0,0,0",,False
4018,Advanced Project Management,2018-02-15 09:00:00,2018-02-15 16:00:00,"0,2,0,0,49,0,58,0,4,0,0,0,0,0,0,0,0,0,0,0,0,0,0,0,0,0,0,0,59,0,0,0,0,0,0,0,0,0,0,0,0",,False
4019,Fundamentals of Leadership,2018-04-12 09:00:00,2018-04-12 16:00:00,"0,2,0,0,49,0,58,0,4,0,0,0,0,0,0,0,0,0,0,0,0,0,0,0,0,0,0,0,59,0,0,0,0,0,0,0,0,0,0,0,0",,False
4021,Strategic Management,2018-04-26 09:00:00,2018-04-26 16:00:00,"0,2,0,0,49,0,58,0,4,0,0,0,0,0,0,0,0,0,0,0,0,0,0,0,0,0,0,0,59,0,0,0,0,0,0,0,0,0,0,0,0",,False
4022,Management Excellence,2018-05-10 09:00:00,2018-05-10 16:00:00,"0,2,0,0,49,0,58,0,4,0,0,0,0,0,0,0,0,0,0,0,0,0,0,0,0,0,0,0,59,0,0,0,0,0,0,0,0,0,0,0,0",,False
4023,Change Management,2018-05-24 09:00:00,2018-05-24 16:00:00,"0,2,0,0,49,0,58,0,4,0,0,0,0,0,0,0,0,0,0,0,0,0,0,0,0,0,0,0,59,0,0,0,0,0,0,0,0,0,0,0,0",,False
4024,Performance Management,2018-06-07 09:00:00,2018-06-07 16:00:00,"0,2,0,0,49,0,58,0,4,0,0,0,0,0,0,0,0,0,0,0,0,0,0,0,0,0,0,0,59,0,0,0,0,0,0,0,0,0,0,0,0",,False
4025,Critical Thinking  and Problem Solving,2018-04-05 09:00:00,2018-04-05 16:00:00,"0,2,0,0,49,0,58,0,4,0,0,0,0,0,0,0,0,0,0,0,0,0,0,0,0,0,0,0,59,0,0,0,0,0,0,0,0,0,0,0,0",,False
4026,"Coaching, Mentoring and Networking",2018-04-19 09:00:00,2018-04-19 16:00:00,"0,2,0,0,49,0,58,0,4,0,0,0,0,0,0,0,0,0,0,0,0,0,0,0,0,0,0,0,59,0,0,0,0,0,0,0,0,0,0,0,0",,False
4027,Conflict Management and Negotiations,2018-05-03 09:00:00,2018-05-03 16:00:00,"0,2,0,0,49,0,58,0,4,0,0,0,0,0,0,0,0,0,0,0,0,0,0,0,0,0,0,0,59,0,0,0,0,0,0,0,0,0,0,0,0",,False
4028,Workplace Innovations,2018-05-17 09:00:00,2018-05-17 16:00:00,"0,2,0,0,49,0,58,0,4,0,0,0,0,0,0,0,0,0,0,0,0,0,0,0,0,0,0,0,59,0,0,0,0,0,0,0,0,0,0,0,0",,False
4029,High Impact Communications Skills,2018-05-31 09:00:00,2018-05-31 16:00:00,"0,2,0,0,49,0,58,0,4,0,0,0,0,0,0,0,0,0,0,0,0,0,0,0,0,0,0,0,59,0,0,0,0,0,0,0,0,0,0,0,0",,False
4030,Legislation and Governance,2018-04-10 09:00:00,2018-04-10 16:00:00,"0,2,0,0,49,0,58,0,4,0,0,0,0,0,0,0,0,0,0,0,0,0,0,0,0,0,0,0,59,0,0,0,0,0,0,0,0,0,0,0,0",,False
4031,Managing Finance and Report Requirements,2018-04-10 09:00:00,2018-04-10 16:00:00,"0,2,0,0,49,0,58,0,4,0,0,0,0,0,0,0,0,0,0,0,0,0,0,0,0,0,0,0,59,0,0,0,0,0,0,0,0,0,0,0,0",,False
4032,Leadership and Strategy Boards and Staff,2018-04-24 09:00:00,2018-04-24 16:00:00,"0,2,0,0,49,0,58,0,4,0,0,0,0,0,0,0,0,0,0,0,0,0,0,0,0,0,0,0,59,0,0,0,0,0,0,0,0,0,0,0,0",,False
4033,Revenue Generation and Operation Management,2018-05-08 09:00:00,2018-05-08 16:00:00,"0,2,0,0,49,0,58,0,4,0,0,0,0,0,0,0,0,0,0,0,0,0,0,0,0,0,0,0,59,0,0,0,0,0,0,0,0,0,0,0,0",,False
4034,Communications and Marketing in a Digital Age,2018-05-22 09:00:00,2018-05-22 16:00:00,"0,2,0,0,49,0,58,0,4,0,0,0,0,0,0,0,0,0,0,0,0,0,0,0,0,0,0,0,59,0,0,0,0,0,0,0,0,0,0,0,0",,False
4035,People Management-Staff and Volunteers,2018-06-05 09:00:00,2018-06-05 16:00:00,"0,2,0,0,49,0,58,0,4,0,0,0,0,0,0,0,0,0,0,0,0,0,0,0,0,0,0,0,59,0,0,0,0,0,0,0,0,0,0,0,0",,False
4036,Digital Media and Marketing Strategies,2018-03-20 09:00:00,2018-03-20 16:00:00,"0,2,0,0,49,0,58,0,4,0,0,0,0,0,0,0,0,0,0,0,0,0,0,0,0,0,0,0,59,0,0,0,0,0,0,0,0,0,0,0,0",,False
4037,Creating Content and Expanding Your Network,2018-03-27 09:00:00,2018-03-27 16:00:00,"0,2,0,0,49,0,58,0,4,0,0,0,0,0,0,0,0,0,0,0,0,0,0,0,0,0,0,0,59,0,0,0,0,0,0,0,0,0,0,0,0",,False
4038,Digital Management,2017-11-07 09:00:00,2017-11-07 16:00:00,"0,2,0,0,49,0,58,0,4,0,0,0,0,0,0,0,0,0,0,0,0,0,0,0,0,0,0,0,59,0,0,0,0,0,0,0,0,0,0,0,0",,False
4040,Digital Management,2018-04-03 09:00:00,2018-04-03 16:00:00,"0,2,0,0,49,0,58,0,4,0,0,0,0,0,0,0,0,0,0,0,0,0,0,0,0,0,0,0,59,0,0,0,0,0,0,0,0,0,0,0,0",,False
4041,Professional Selling-Communicating Your Message,2018-05-15 09:00:00,2018-05-15 16:00:00,"0,2,0,0,49,0,58,0,4,0,0,0,0,0,0,0,0,0,0,0,0,0,0,0,0,0,0,0,59,0,0,0,0,0,0,0,0,0,0,0,0",,False
4042,Building Sales Relationships,2018-05-29 09:00:00,2018-05-29 16:00:00,"0,2,0,0,49,0,58,0,4,0,0,0,0,0,0,0,0,0,0,0,0,0,0,0,0,0,0,0,59,0,0,0,0,0,0,0,0,0,0,0,0",,False
4043,Customer Relationship Management Skills,2018-06-12 09:00:00,2018-06-12 16:00:00,"0,2,0,0,49,0,58,0,4,0,0,0,0,0,0,0,0,0,0,0,0,0,0,0,0,0,0,0,0,0,59,0,0,0,0,0,0,0,0,0,0,0,0",,False
4164,The Future is Bright in Renewable Energy Panel Talk,2017-09-22 18:00:00,2017-09-22 20:00:00,"0,2,0,3,0,49,0,58,0,0,0,0,0,0,0,0,0,0,0,0,0,0,0,0,0,0,0,0,0,0,0,0,0,0,0,0,0,0,0,52,0",,False
4056,iBegin - Faculty of Social Sciences and Humanities (Criminology program),2017-07-31 08:30:00,2017-07-31 16:00:00,"0,0,3,0,0,0,0,0,0,0,0,0,0,11,0,0,0,0,0,0,0,0,0,0,0,0,0,0,0,0,0,0,0,0,0,27,0,0",,False
4057,"iBegin - Faculty of Social Sciences and Humanities (Communication and Digital Media, Forensic Psychology, Legal Studies, and Political Science Programs)",2017-08-01 08:30:00,2017-08-01 16:00:00,"0,0,3,0,0,0,0,0,0,0,0,0,0,11,0,0,0,0,0,0,0,0,0,0,0,0,0,0,0,0,0,0,0,0,0,27,0,0",,False
4058,iBegin - Faculty of Energy Systems and Nuclear Science,2017-08-02 08:30:00,2017-08-02 16:00:00,"0,0,3,0,0,0,0,0,6,0,0,0,0,0,0,0,0,0,0,0,0,0,0,0,0,0,0,0,0,0,0,0,0,0,0,27,0,0",,False
4059,iBegin - Faculty of Engineering and Applied Science,2017-08-02 08:30:00,2017-08-02 16:00:00,"0,2,0,3,0,0,0,0,0,0,7,0,0,0,0,0,0,0,0,0,0,0,0,0,0,0,0,0,0,0,0,0,0,0,0,0,27,0,0",,False
4060,"iBegin - Faculty of Science (Computer Science, Forensic, Math, and Physics Programs)",2017-08-03 08:30:00,2017-08-03 16:00:00,"0,2,0,3,0,0,0,0,0,0,0,0,0,10,0,0,0,0,0,0,0,0,0,0,0,0,0,0,0,0,0,0,0,0,0,0,27,0,0",,False
4061,iBegin - Faculty of Business and Information Technology,2017-08-04 08:30:00,2017-08-04 16:00:00,"0,2,0,3,0,0,0,4,0,0,0,0,0,0,0,0,0,0,0,0,0,0,0,0,0,0,0,0,0,0,0,0,0,0,0,0,27,0,0",,False
4064R896,Student Engagement and Equity's iBegin program: July 26 to August 4,2017-07-26 09:00:00,2017-08-04 16:00:00,"0,0,3,0,0,0,4,0,0,6,0,7,0,0,9,0,10,0,11,0,0,0,0,0,0,0,0,0,0,0,0,0,0,0,0,0,0,0,0,0,0,27,0,0",,False
4107,OUA Women&apos;s Hockey vs Western,2018-01-20 15:30:00,2018-01-20 18:00:00,"0,2,0,3,0,49,0,58,0,0,0,0,0,0,0,0,0,67,0,0,0,0,0,0,0,0,0,0,0,0,0,0,0,0,0,0,0,0,0,0,0",,False
4065,OUA Soccer doubleheader vs Trent,2017-09-02 13:00:00,2017-09-02 17:15:00,"0,2,0,3,0,49,0,58,0,0,0,0,0,0,0,0,0,67,0,0,0,0,0,0,0,0,0,0,0,0,0,0,0,0,0,0,0,0,0,0,0",,False
4066,OUA Women&apos;s Soccer vs Ryerson,2017-09-16 13:00:00,2017-09-16 15:00:00,"0,2,0,3,0,49,0,58,0,0,0,0,0,0,0,0,0,67,0,0,0,0,0,0,0,0,0,0,0,0,0,0,0,0,0,0,0,0,0,0,0",,False
4067,OUA Women&apos;s Soccer vs Toronto,2017-09-17 13:00:00,2017-09-17 15:00:00,"0,2,0,3,0,49,0,58,0,0,0,0,0,0,0,0,0,67,0,0,0,0,0,0,0,0,0,0,0,0,0,0,0,0,0,0,0,0,0,0,0",,False
4068,OUA Men&apos;s Soccer vs Queen&apos;s,2017-08-27 13:00:00,2017-08-27 15:00:00,"0,2,0,3,0,49,0,58,0,0,0,0,0,0,0,0,0,67,0,0,0,0,0,0,0,0,0,0,0,0,0,0,0,0,0,0,0,0,0,0,0",,False
4069,Labour Day - no lectures,2017-09-04 00:00:00,2017-09-04 23:45:00,"0,2,0,3,0,0,0,0,0,0,0,0,0,0,0,0,0,0,0,0,0,0,0,0,0,0,0,0,0,0,0,23,0,0,0,0,0,0,0",,False
4070,Thanksgiving Day - no lectures,2017-10-09 00:00:00,2017-10-09 23:45:00,"0,2,0,3,0,0,0,0,0,0,0,0,0,0,0,0,0,0,0,0,0,0,0,0,0,0,0,0,0,0,0,23,0,0,0,0,0,0,0",,False
4071R897,Holiday closure period: December 23 to January 1 (inclusive),2017-12-23 00:00:00,2018-01-01 12:45:00,"0,2,0,3,0,0,0,0,0,0,0,0,0,0,0,0,0,0,0,0,0,0,0,0,0,0,0,0,0,0,0,23,0,0,0,0,0,0,0",,False
4072,OUA Men&apos;s Soccer vs Toronto,2017-09-03 13:00:00,2017-09-03 15:00:00,"0,2,0,3,0,49,0,58,0,0,0,0,0,0,0,0,0,67,0,0,0,0,0,0,0,0,0,0,0,0,0,0,0,0,0,0,0,0,0,0,0",,False
4073,OUA Men&apos;s Soccer vs Ryerson,2017-09-17 15:15:00,2017-09-17 17:15:00,"0,2,0,3,0,49,0,58,0,0,0,0,0,0,0,0,0,67,0,0,0,0,0,0,0,0,0,0,0,0,0,0,0,0,0,0,0,0,0,0,0",,False
4074,OUA Soccer doubleheader vs Laurentian,2017-10-07 12:00:00,2017-10-07 16:15:00,"0,2,0,3,0,49,0,0,0,0,0,0,0,0,0,0,67,0,0,0,0,0,0,0,0,0,0,0,0,0,0,0,0,0,0,0,0,0,0,0",,False
4075,OUA Soccer doubleheader vs Nipissing,2017-10-08 12:00:00,2017-10-08 16:15:00,"0,2,0,3,0,49,0,58,0,0,0,0,0,0,0,0,0,0,0,0,0,0,0,0,0,0,0,0,0,0,0,0,0,0,0,0,0,0,0,0",,False
4076,OUA Soccer doubleheader vs Carleton,2017-10-14 13:00:00,2017-10-14 17:15:00,"0,2,0,3,0,49,0,58,0,0,0,0,0,0,0,0,0,67,0,0,0,0,0,0,0,0,0,0,0,0,0,0,0,0,0,0,0,0,0,0,0",,False
4077,OUA Women&apos;s Soccer vs Ottawa,2017-10-15 13:00:00,2017-10-15 15:00:00,"0,2,0,3,0,49,0,58,0,0,0,0,0,0,0,0,0,67,0,0,0,0,0,0,0,0,0,0,0,0,0,0,0,0,0,0,0,0,0,0,0",,False
4078,OUA Men&apos;s Soccer vs Royal Military College,2017-10-11 18:00:00,2017-10-11 20:00:00,"0,2,0,3,0,0,58,0,0,0,0,0,0,0,0,0,67,0,0,0,0,0,0,0,0,0,0,0,0,0,0,0,0,0,0,0,0,0,0,0",,False
4079,OUA Women&apos;s Hockey vs Queen&apos;s,2017-10-14 15:30:00,2017-10-14 18:00:00,"0,2,0,3,0,49,0,58,0,0,0,0,0,0,0,0,0,67,0,0,0,0,0,0,0,0,0,0,0,0,0,0,0,0,0,0,0,0,0,0,0",,False
4080,OUA Women&apos;s Hockey vs Guelph,2017-10-26 19:30:00,2017-10-26 22:00:00,"0,2,0,3,0,49,0,58,0,0,0,0,0,0,0,0,0,67,0,0,0,0,0,0,0,0,0,0,0,0,0,0,0,0,0,0,0,0,0,0,0",,False
4081,OUA Women&apos;s Hockey vs York,2017-10-28 15:30:00,2017-10-28 18:00:00,"0,2,0,3,0,49,0,58,0,0,0,0,0,0,0,0,0,67,0,0,0,0,0,0,0,0,0,0,0,0,0,0,0,0,0,0,0,0,0,0,0",,False
4082,OUA Women&apos;s Hockey vs Laurentian,2017-11-03 19:30:00,2017-11-03 22:00:00,"0,2,0,3,0,49,0,58,0,0,0,0,0,0,0,0,0,67,0,0,0,0,0,0,0,0,0,0,0,0,0,0,0,0,0,0,0,0,0,0,0",,False
4083,OUA Women&apos;s Hockey vs Nipissing,2017-11-04 15:30:00,2017-11-04 18:00:00,"0,2,0,3,0,49,0,58,0,0,0,0,0,0,0,0,0,67,0,0,0,0,0,0,0,0,0,0,0,0,0,0,0,0,0,0,0,0,0,0,0",,False
4084,OUA Women&apos;s Hockey vs Toronto,2017-11-24 11:30:00,2017-11-24 14:00:00,"0,2,0,3,0,49,0,58,0,0,0,0,0,0,0,0,0,67,0,0,0,0,0,0,0,0,0,0,0,0,0,0,0,0,0,0,0,0,0,0,0",,False
4085,OUA Women&apos;s Hockey vs Ryerson,2017-11-25 15:30:00,2017-11-25 18:00:00,"0,2,0,3,0,49,0,58,0,0,0,0,0,0,0,0,0,67,0,0,0,0,0,0,0,0,0,0,0,0,0,0,0,0,0,0,0,0,0,0,0",,False
4086,OUA Men&apos;s Hockey vs Royal Military College,2017-10-13 19:30:00,2017-10-13 22:00:00,"0,2,0,3,0,49,0,58,0,0,0,0,0,0,0,0,0,67,0,0,0,0,0,0,0,0,0,0,0,0,0,0,0,0,0,0,0,0,0,0,0",,False
4087,OUA Men&apos;s Hockey vs Nipissing,2017-10-27 19:30:00,2017-10-27 22:00:00,"0,2,0,3,0,49,0,58,0,0,0,0,0,0,0,0,0,67,0,0,0,0,0,0,0,0,0,0,0,0,0,0,0,0,0,0,0,0,0,0,0",,False
4088,OUA Men&apos;s Hockey vs Queen&apos;s,2017-11-10 19:30:00,2017-11-10 22:00:00,"0,2,0,3,0,49,0,58,0,0,0,0,0,0,0,0,0,67,0,0,0,0,0,0,0,0,0,0,0,0,0,0,0,0,0,0,0,0,0,0,0",,False
4089,OUA Men&apos;s Hockey vs Ottawa,2017-11-11 15:30:00,2017-11-11 18:00:00,"0,2,0,3,0,49,0,58,0,0,0,0,0,0,0,0,0,67,0,0,0,0,0,0,0,0,0,0,0,0,0,0,0,0,0,0,0,0,0,0,0",,False
4090R899,OUA Men&apos;s Hockey vs Lakehead (Nov. 24 and 25),2017-11-24 19:00:00,2017-11-25 22:00:00,"0,2,0,3,0,49,0,58,0,0,0,0,0,0,0,0,0,67,0,0,0,0,0,0,0,0,0,0,0,0,0,0,0,0,0,0,0,0,0,0,0",,False
4093,OUA Men&apos;s Hockey vs Trois-Rivieres (Game 1 of 2),2017-12-01 19:30:00,2017-12-01 22:00:00,"0,2,0,3,0,49,0,58,0,0,0,0,0,0,0,0,0,67,0,0,0,0,0,0,0,0,0,0,0,0,0,0,0,0,0,0,0,0,0,0,0",,False
4094,OUA Men&apos;s Hockey vs Trois-Rivieres (Game 2 of 2),2017-12-02 15:00:00,2017-12-02 18:00:00,"0,2,0,3,0,49,0,58,0,0,0,0,0,0,0,0,0,67,0,0,0,0,0,0,0,0,0,0,0,0,0,0,0,0,0,0,0,0,0,0,0",,False
4095,OUA Men&apos;s Hockey vs Nipissing,2018-01-20 19:30:00,2018-01-20 22:00:00,"0,2,0,3,0,49,0,58,0,0,0,0,0,0,0,0,0,67,0,0,0,0,0,0,0,0,0,0,0,0,0,0,0,0,0,0,0,0,0,0,0",,False
4096,OUA Men&apos;s Hockey vs Laurentian,2018-01-21 15:30:00,2018-01-21 18:00:00,"0,2,0,3,0,49,0,58,0,0,0,0,0,0,0,0,0,67,0,0,0,0,0,0,0,0,0,0,0,0,0,0,0,0,0,0,0,0,0,0,0",,False
4097,OUA Men&apos;s Hockey vs Laurier (exhibition),2017-09-22 19:30:00,2017-09-22 22:00:00,"0,2,0,3,0,49,0,58,0,0,0,0,0,0,0,0,0,67,0,0,0,0,0,0,0,0,0,0,0,0,0,0,0,0,0,0,0,0,0,0,0",,False
4098,OUA Men&apos;s Hockey vs York (exhibition),2017-10-05 19:30:00,2017-10-05 22:00:00,"0,2,0,3,0,49,0,58,0,0,0,0,0,0,0,0,0,67,0,0,0,0,0,0,0,0,0,0,0,0,0,0,0,0,0,0,0,0,0,0,0",,False
4099,OUA Women&apos;s Hockey vs Carleton (exhibition),2017-09-29 19:30:00,2017-09-29 22:00:00,"0,2,0,3,0,49,0,58,0,0,0,0,0,0,0,0,0,67,0,0,0,0,0,0,0,0,0,0,0,0,0,0,0,0,0,0,0,0,0,0,0",,False
4100,UOIT Women&apos;s Hockey vs Toronto Furies (exhibition),2017-10-06 19:30:00,2017-10-06 22:00:00,"0,2,0,3,0,49,0,58,0,0,0,0,0,0,0,0,0,67,0,0,0,0,0,0,0,0,0,0,0,0,0,0,0,0,0,0,0,0,0,0,0",,False
4101,OUA Men&apos;s Hockey vs Concordia,2018-01-27 19:30:00,2018-01-27 22:00:00,"0,2,0,3,0,49,0,58,0,0,0,0,0,0,0,0,0,67,0,0,0,0,0,0,0,0,0,0,0,0,0,0,0,0,0,0,0,0,0,0,0",,False
4102,OUA Men&apos;s Hockey vs McGill,2018-02-03 19:30:00,2018-02-03 22:00:00,"0,2,0,3,0,49,0,58,0,0,0,0,0,0,0,0,0,67,0,0,0,0,0,0,0,0,0,0,0,0,0,0,0,0,0,0,0,0,0,0,0",,False
4103,Campus Cup soccer doublheader vs Durham College,2017-09-06 19:00:00,2017-09-06 21:00:00,"0,2,0,3,0,49,0,58,0,0,0,0,0,0,0,0,0,67,0,0,0,0,0,0,0,0,0,0,0,0,0,0,0,0,0,0,0,0,0,0,0",,False
4104,OUA Men&apos;s Hockey vs Laurentian,2018-02-09 19:30:00,2018-02-09 22:00:00,"0,2,0,3,0,49,0,58,0,0,0,0,0,0,0,0,0,67,0,0,0,0,0,0,0,0,0,0,0,0,0,0,0,0,0,0,0,0,0,0,0",,False
4105,OUA Women&apos;s Hockey vs Brock,2018-01-13 15:00:00,2018-01-13 18:00:00,"0,2,0,3,0,49,0,58,0,0,0,0,0,0,0,0,0,67,0,0,0,0,0,0,0,0,0,0,0,0,0,0,0,0,0,0,0,0,0,0,0",,False
4106,OUA Women&apos;s Hockey vs Windsor,2018-01-19 19:00:00,2018-01-19 22:00:00,"0,2,0,3,0,49,0,58,0,0,0,0,0,0,0,0,0,67,0,0,0,0,0,0,0,0,0,0,0,0,0,0,0,0,0,0,0,0,0,0,0",,False
4108,OUA Women&apos;s Hockey vs Waterloo,2018-02-02 19:30:00,2018-02-02 22:00:00,"0,2,0,3,0,49,0,58,0,0,0,0,0,0,0,0,0,67,0,0,0,0,0,0,0,0,0,0,0,0,0,0,0,0,0,0,0,0,0,0,0",,False
4109,OUA Women&apos;s Hockey vs Laurier,2018-02-03 15:30:00,2018-02-03 18:00:00,"0,2,0,3,0,49,0,58,0,0,0,0,0,0,0,0,0,67,0,0,0,0,0,0,0,0,0,0,0,0,0,0,0,0,0,0,0,0,0,0,0",,False
4111R900,Weight Watchers at Work,2017-07-13 12:00:00,2017-09-14 13:00:00,"0,2,0,0,0,0,0,0,0,0,0,0,0,0,0,0,0,0,0,0,17,0,0,0,0,0,0,0,0,0,0,0,0,0,0,0,0,0",,False
4116,Campus Market,2017-09-21 11:00:00,2017-09-21 15:30:00,"0,2,0,3,0,49,0,58,0,0,0,0,0,0,0,0,0,0,0,0,0,0,0,0,0,0,0,0,0,0,0,0,0,0,0,0,0,0,0,0,52",,False
4120R903,ELC Academic Preparation Workshops (September 5 to 8),2017-09-05 09:00:00,2017-09-08 16:00:00,"0,0,3,0,0,0,0,0,0,0,0,0,0,0,0,0,0,63,0,0,0,0,0,0,0,0,0,0,0,0,0,0,0,0,0,0,0,0",,False
4121,ELC TALK SPEAKER SERIES - Salima Kassam,2017-08-02 13:00:00,2017-08-02 14:00:00,"0,0,0,0,0,0,5,0,0,0,0,0,0,0,0,0,0,63,0,0,0,0,0,0,0,0,0,0,0,0,0,0,0,0,0,0,0,0",,False
4123,Improving Sustaiability Concept In Developing Countries 2017,2017-12-12 09:00:00,2017-12-14 18:00:00,"0,2,0,3,0,0,0,0,5,0,0,0,0,0,0,0,0,0,0,0,0,0,0,0,0,0,0,0,0,0,0,0,0,24,0,0,0,0,0,0",,False
4124,Geothermal System Tours,2017-09-22 14:30:00,2017-09-22 16:00:00,"0,2,0,3,0,49,0,58,0,0,0,0,0,0,0,0,0,0,0,0,0,0,0,0,0,0,0,0,0,0,0,0,0,0,0,0,0,0,0,0,52",,False
4125,Windfields Pollinator Tour,2017-09-22 12:00:00,2017-09-22 14:00:00,"0,2,0,3,0,49,0,58,0,0,0,0,0,0,0,0,0,0,0,0,0,0,0,0,0,0,0,0,0,0,0,0,0,0,0,0,0,0,0,0,52",,False
4126,Taste of the Danforth,2017-08-11 18:00:00,2017-08-13 22:00:00,"0,2,0,3,0,49,0,58,0,0,0,0,7,0,0,0,0,0,0,0,0,0,0,0,0,0,0,0,0,0,0,0,0,0,0,0,0,0,0,0,0",,False
4131R907,Lean Training - Green Belt (September 25 to 27),2017-09-25 09:00:00,2017-09-27 16:00:00,"0,2,0,0,49,0,58,0,4,0,0,0,0,0,0,0,0,0,0,0,0,0,0,0,0,0,0,0,59,0,0,0,0,0,0,0,0,0,0,0,0",,False
4134R909,Lean Training - Green Belt (November 6 and 7),2017-11-06 09:00:00,2017-11-07 16:00:00,"0,2,0,0,49,0,58,0,4,0,0,0,0,0,0,0,0,0,0,0,0,0,0,0,0,0,0,0,59,0,0,0,0,0,0,0,0,0,0,0,0",,False
4136R910,Lean Training - Green Belt (April 30 to May 2),2018-04-30 09:00:00,2018-05-02 16:00:00,"0,2,0,0,49,0,58,0,4,0,0,0,0,0,0,0,0,0,0,0,0,0,0,0,0,0,0,0,59,0,0,0,0,0,0,0,0,0,0,0,0",,False
4139,Lean Training  Green Belt (June 4 and 5),2018-06-04 09:00:00,2018-06-04 04:00:00,"0,2,0,0,49,0,58,0,4,0,0,0,0,0,0,0,0,0,0,0,0,0,0,0,0,0,0,0,59,0,0,0,0,0,0,0,0,0,0,0,0",,False
4141,Coaching for Performance and Mentorship,2017-10-27 09:00:00,2017-10-27 16:00:00,"0,2,0,0,49,0,58,0,4,0,0,0,0,0,0,0,0,0,0,0,0,0,0,0,0,0,0,0,59,0,0,0,0,0,0,0,0,0,0,0,0",,False
4142,Coaching for Performance and Mentorship,2017-10-28 09:00:00,2017-10-28 16:00:00,"0,2,0,0,49,0,58,0,4,0,0,0,0,0,0,0,0,0,0,0,0,0,0,0,0,0,0,0,59,0,0,0,0,0,0,0,0,0,0,0,0",,False
4143,Coaching for Performance and Mentorship,2017-12-05 09:00:00,2017-12-05 16:00:00,"0,2,0,0,49,0,58,0,4,0,0,0,0,0,0,0,0,0,0,0,0,0,0,0,0,0,0,0,59,0,0,0,0,0,0,0,0,0,0,0,0",,False
4144,Launch celebration and Open House: School of Graduate and Postdoctoral Studies,2017-08-29 12:00:00,2017-08-29 14:00:00,"0,2,0,3,0,0,0,0,0,0,0,8,0,0,0,0,0,0,0,0,0,0,0,0,0,0,0,0,0,0,0,0,0,0,0,0,0,0,0",,False
4145,New to UOIT - Faculty Workshop (Part One),2017-08-24 12:30:00,2017-08-24 16:00:00,"0,2,0,0,0,0,0,0,0,0,0,0,0,0,0,0,0,0,0,0,0,50,0,0,0,0,0,0,0,0,0,0,0,0,0,0,0,54,0",,False
4146,New to UOIT - Faculty Workshop (Part One),2017-08-30 08:30:00,2017-08-30 12:00:00,"0,2,0,0,0,0,0,0,0,0,0,0,0,0,0,0,0,0,0,0,0,50,0,0,0,0,0,0,0,0,0,0,0,0,0,0,0,54,0",,False
4147,New to UOIT - Faculty Workshop (Part Two),2017-09-05 08:30:00,2017-09-05 14:00:00,"0,2,0,0,0,0,0,0,0,0,0,0,0,0,0,0,0,0,0,0,0,50,0,0,0,0,0,0,0,0,0,0,0,0,0,0,0,54,0",,False
4148,New to UOIT - Teaching Assistant Workshop (Part One),2017-08-23 12:30:00,2017-08-23 16:00:00,"0,2,0,0,0,0,0,0,0,0,0,0,0,0,0,0,0,0,0,0,0,50,0,0,0,0,0,0,0,0,0,0,0,0,0,0,0,54,0",,False
4149,New to UOIT - Teaching Assistant Workshop (Part One),2017-08-29 08:30:00,2017-08-29 12:00:00,"0,2,0,0,0,0,0,0,0,0,0,0,0,0,0,0,0,0,0,0,0,50,0,0,0,0,0,0,0,0,0,0,0,0,0,0,0,54,0",,False
4150,New to UOIT - Teaching Assistant Workshop (Part Two),2017-09-06 08:30:00,2017-09-06 14:00:00,"0,2,0,0,0,0,0,0,0,0,0,0,0,0,0,0,0,0,0,0,0,50,0,0,0,0,0,0,0,0,0,0,0,0,0,0,0,54,0",,False
4151,ELC TALK SPEAKER SERIES - Tara Lembar,2017-08-09 13:00:00,2017-08-09 14:00:00,"0,0,0,0,0,0,0,0,0,0,0,0,0,0,0,0,63,0,0,0,0,0,0,0,0,0,0,0,0,0,0,0,0,0,0,0,0",,False
4152R902,Environment Week 2017 (September 18 to 22),2017-09-18 08:00:00,2017-09-22 21:00:00,"0,2,0,3,0,49,0,58,0,0,0,0,0,0,0,0,0,0,0,0,0,0,0,0,0,0,0,0,0,0,0,0,0,0,0,0,0,0,0,0,52",,False
4153,Graduate Student Orientation,2017-08-31 10:30:00,2017-08-31 16:30:00,"0,0,3,0,0,0,0,0,0,0,8,0,0,0,0,0,0,0,0,0,0,0,0,0,0,0,0,0,0,0,0,0,0,0,0,0,0,0",,False
4154,Graduate Scholarships Information Session,2017-09-20 14:00:00,2017-09-20 16:00:00,"0,0,3,0,0,0,0,0,0,0,8,0,0,0,0,0,0,0,0,0,0,0,0,0,0,0,0,0,0,0,0,0,0,0,0,0,0,0",,False
4155,Yellow Belt Health Care - Day 1,2017-11-27 09:00:00,2017-11-27 16:00:00,"0,2,0,0,49,0,58,0,4,0,0,0,0,0,0,0,0,0,0,0,0,0,0,0,0,0,0,0,59,0,0,0,0,0,0,0,0,0,0,0,0",,False
4156,Yellow Belt Healthcare - Day 2,2017-11-28 09:00:00,2017-11-28 16:00:00,"0,2,0,0,49,0,58,0,4,0,0,0,0,0,0,0,0,0,0,0,0,0,0,0,0,0,0,0,59,0,0,0,0,0,0,0,0,0,0,0,0",,False
4159,Yellow Belt Health Care - Day 1,2018-03-05 09:00:00,2018-03-05 16:00:00,"0,2,0,0,49,0,58,0,4,0,0,0,0,0,0,0,0,0,0,0,0,0,0,0,0,0,0,0,59,0,0,0,0,0,0,0,0,0,0,0,0",,False
4160,Yellow Belt Health Care - Day 2,2018-03-06 09:00:00,2018-03-06 16:00:00,"0,2,0,0,49,0,58,0,4,0,0,0,0,0,0,0,0,0,0,0,0,0,0,0,0,0,0,0,59,0,0,0,0,0,0,0,0,0,0,0,0",,False
4161,Social Insurance Number Clinic,2017-09-08 09:00:00,2017-09-08 16:00:00,"0,0,3,0,0,0,0,0,0,0,0,0,0,0,0,0,0,0,0,0,0,0,0,18,0,0,0,0,0,0,0,0,0,0,0,0,27,0,0",,False
4162R904,Ignite Orientation - September 5 and 6,2017-09-05 08:00:00,2017-09-06 21:00:00,"0,0,3,0,0,0,0,0,0,0,0,0,0,0,0,0,0,0,0,0,0,0,0,0,0,0,0,0,0,0,0,0,0,0,0,27,0,0",,False
4163,"Mature, Transfer, Pathways Students (MTPS) Orientation",2017-09-06 15:00:00,2017-09-06 17:00:00,"0,0,3,0,0,0,0,0,0,0,0,0,0,0,0,0,0,0,0,0,0,0,0,0,0,0,0,0,0,0,0,0,0,0,0,27,0,0",,False
4167,"Computer Science Seminar - Adele Hedrick, Master of Science student, UOIT",2017-08-23 15:30:00,2017-08-23 16:30:00,"0,2,0,3,0,49,0,58,0,4,0,0,0,0,0,0,10,0,0,0,0,0,0,0,0,0,0,0,0,0,0,0,0,0,0,0,0,0,0,0,0,0",,False
4169R911,Ask Me Campaign  September 5 to 8,2017-09-05 08:00:00,2017-09-08 16:00:00,"0,0,3,0,0,0,0,0,0,0,0,0,0,0,0,0,0,0,0,0,0,0,0,0,0,0,0,0,0,0,0,0,0,0,0,27,0,0",,False
4170,UOIT International: Toronto Day Trip,2017-09-16 09:30:00,2017-09-16 08:45:00,"0,0,3,0,0,0,0,0,0,0,0,0,0,0,0,0,0,0,0,0,0,0,0,18,0,0,0,0,0,0,0,0,0,0,0,0,0,0",,False
4172,UOIT International: Niagara Falls Day Trip,2017-09-24 08:45:00,2017-09-24 07:00:00,"0,0,3,0,0,0,0,0,0,0,0,0,0,0,0,0,0,0,0,0,0,0,0,18,0,0,0,0,0,0,0,0,0,0,0,0,0,0",,False
4173,Grad Pro Skills Workshop: Engaging Presentations,2017-10-12 12:00:00,2017-10-12 13:00:00,"0,0,3,0,0,0,0,0,0,0,8,0,0,0,0,0,0,0,0,0,0,0,0,0,0,0,0,0,0,0,0,0,0,0,0,0,0,0",,False
4175,Grad Pro Skills Workshop: Summarizing and Simplifying Your Research,2017-11-30 13:00:00,2017-11-30 14:00:00,"0,0,3,0,0,0,0,0,0,0,8,0,0,0,0,0,0,0,0,0,0,0,0,0,0,0,0,0,0,0,0,0,0,0,0,0,0,0",,False
4177,Grad Pro Skills Workshop: Academic Integrity,2017-09-28 13:00:00,2017-09-28 14:00:00,"0,0,3,0,0,0,0,0,0,0,8,0,0,0,0,0,0,0,0,0,0,0,0,0,0,0,0,0,0,0,0,0,0,0,0,0,0,0",,False
4178,Grad Pro Skills Workshop: Making Sense of Statement Writing,2017-10-04 11:00:00,2017-10-04 12:00:00,"0,0,3,0,0,0,0,0,0,0,8,0,0,0,0,0,0,0,0,0,0,0,0,0,0,0,0,0,0,0,0,0,0,0,0,0,0,0",,False
4179,International student Orientation (social),2017-09-23 18:30:00,2017-09-23 21:00:00,"0,0,3,0,0,0,0,0,0,0,0,0,0,0,0,0,0,0,0,0,0,0,0,18,0,0,0,0,0,0,0,0,0,0,0,0,0,0",,False
4180,Grad Pro Skills Workshop: Better Research Relationships,2017-11-28 14:00:00,2017-11-28 15:00:00,"0,0,3,0,0,0,0,0,0,0,8,0,0,0,0,0,0,0,0,0,0,0,0,0,0,0,0,0,0,0,0,0,0,0,0,0,0,0",,False
4181,Grad Pro Skills Workshop: Understanding Your Leadership Style and Skills,2017-10-17 14:00:00,2017-10-17 15:00:00,"0,0,3,0,0,0,0,0,0,0,8,0,0,0,0,0,0,0,0,0,0,0,0,0,0,0,0,0,0,0,0,0,0,0,0,0,0,0",,False
4182,Grad Pro Skills Workshop: Preparing for your Career - Goal Setting in Grad School,2017-09-20 11:00:00,2017-09-20 12:00:00,"0,0,3,0,0,0,0,0,0,0,8,0,0,0,0,0,0,0,0,0,0,0,0,0,0,0,0,0,0,0,0,0,0,0,0,0,0,0",,False
4183,Grad Pro Skills Workshop: Ethics and Professional Etiquette,2017-09-26 14:00:00,2017-09-26 15:00:00,"0,0,3,0,0,0,0,0,0,0,8,0,0,0,0,0,0,0,0,0,0,0,0,0,0,0,0,0,0,0,0,0,0,0,0,0,0,0",,False
4184,Grad Pro Skills Workshop: CVs and Academic Job Search,2017-11-23 12:00:00,2017-11-23 13:00:00,"0,0,3,0,0,0,0,0,0,0,8,0,0,0,0,0,0,0,0,0,0,0,0,0,0,0,0,0,0,0,0,0,0,0,0,0,0,0",,False
4185,Grad Pro Skills Workshop: Non-Academic Job Search,2017-11-23 13:00:00,2017-11-23 14:00:00,"0,0,3,0,0,0,0,0,0,0,8,0,0,0,0,0,0,0,0,0,0,0,0,0,0,0,0,0,0,0,0,0,0,0,0,0,0,0",,False
4186,Grad Pro Skills Workshop: Interview Skills,2017-12-05 14:00:00,2017-12-05 15:00:00,"0,0,3,0,0,0,0,0,0,0,8,0,0,0,0,0,0,0,0,0,0,0,0,0,0,0,0,0,0,0,0,0,0,0,0,0,0,0",,False
4187,TLC Workshop: Blackboard Part 1,2017-09-11 12:30:00,2017-09-11 14:00:00,"0,2,0,0,0,0,0,0,0,0,0,0,0,0,0,0,0,0,0,0,0,0,0,0,0,0,0,0,0,0,0,0,0,0,0,0,0,54",,False
4188,TLC Workshop: Blackboard Part 2,2017-09-18 12:30:00,2017-09-18 14:00:00,"0,2,0,0,0,0,0,0,0,0,0,0,0,0,0,0,0,0,0,0,0,0,0,0,0,0,0,0,0,0,0,0,0,0,0,0,0,54",,False
4189,TLC Workshop: Blackboard for Teaching Assistants,2017-09-12 09:30:00,2017-09-12 11:00:00,"0,2,0,0,0,0,0,0,0,0,0,0,0,0,0,0,0,0,0,0,0,0,0,0,0,0,0,0,0,0,0,0,0,0,0,0,0,54",,False
4190,TLC Workshop: Blackboard for Teaching Assistants,2017-09-13 14:00:00,2017-09-13 15:30:00,"0,2,0,0,0,0,0,0,0,0,0,0,0,0,0,0,0,0,0,0,0,0,0,0,0,0,0,0,0,0,0,0,0,0,0,0,0,54",,False
4191,TLC Workshop: Videos for Student Engagement,2017-10-06 13:30:00,2017-10-06 15:00:00,"0,2,0,0,0,0,0,0,0,0,0,0,0,0,0,0,0,0,0,0,0,0,0,0,0,0,0,0,0,0,0,0,0,0,0,0,0,54",,False
4192,TLC Workshop: Teaching Large Classes,2017-09-20 13:00:00,2017-09-20 15:00:00,"0,2,0,0,0,0,0,0,0,0,0,0,0,0,0,0,0,0,0,0,0,0,0,0,0,0,0,0,0,0,0,0,0,0,0,0,0,54",,False
4193,TLC Workshop: Kaltura Introduction,2017-09-27 09:30:00,2017-09-27 11:00:00,"0,2,0,0,0,0,0,0,0,0,0,0,0,0,0,0,0,0,0,0,0,0,0,0,0,0,0,0,0,0,0,0,0,0,0,0,0,54",,False
4194,TLC Workshop: Kaltura Advanced,2017-10-20 09:30:00,2017-10-20 11:00:00,"0,2,0,0,0,0,0,0,0,0,0,0,0,0,0,0,0,0,0,0,0,0,0,0,0,0,0,0,0,0,0,0,0,0,0,0,0,54",,False
4195,TLC Workshop: Adobe Connect Introduction,2017-09-08 13:30:00,2017-09-08 15:00:00,"0,2,0,0,0,0,0,0,0,0,0,0,0,0,0,0,0,0,0,0,0,0,0,0,0,0,0,0,0,0,0,0,0,0,0,0,0,54",,False
4196,SAFA Fall Workshop #1: Show Me the Money (Pizza Lunch and Learns),2017-09-27 12:15:00,2017-09-27 13:15:00,"0,0,3,0,0,0,0,0,0,0,0,0,0,0,0,0,0,0,0,0,0,0,0,0,0,0,0,0,0,0,0,0,0,60,0,0,0,0",,False
4197,SAFA Fall Workshop #1: Show Me the Money (Pizza Lunch and Learns),2017-10-05 12:15:00,2017-10-05 13:15:00,"0,0,3,0,0,0,0,0,0,0,0,0,0,0,0,0,0,0,0,0,0,0,0,0,0,0,0,0,0,0,0,0,0,60,0,0,0,0",,False
4198,SAFA Fall Workshop #2: For the Love of Money (Pizza Lunch and Learns),2017-09-28 12:15:00,2017-09-28 13:15:00,"0,0,3,0,0,0,0,0,0,0,0,0,0,0,0,0,0,0,0,0,0,0,0,0,0,0,0,0,0,0,0,0,0,60,0,0,0,0",,False
4199,SAFA Fall Workshop #2: For the Love of Money (Pizza Lunch and Learns),2017-10-04 12:15:00,2017-10-04 13:15:00,"0,0,3,0,0,0,0,0,0,0,0,0,0,0,0,0,0,0,0,0,0,0,0,0,0,0,0,0,0,0,0,0,0,60,0,0,0,0",,False
4200R913,"ACE at 2017 Automotive Testing Expo (Novi, Michigan)",2017-10-24 09:00:00,2017-10-26 17:00:00,"0,2,0,0,0,58,0,0,0,0,7,0,0,0,0,0,0,0,0,0,0,0,0,0,0,0,0,0,0,0,0,0,0,0,0,0,0,0,0",,False
4201R915,Indigenous Awareness Week - Sept. 12 to 14,2017-09-12 10:00:00,2017-09-14 16:00:00,"0,2,0,0,0,58,0,0,0,0,0,0,0,0,0,0,0,0,0,0,0,0,0,12,0,0,0,0,0,0,0,0,0,0,0,0,0,27,0,0",,False
4202R917,SSH Student Society - (Dis)Orientation Week (September 11 to 14),2017-09-11 10:00:00,2017-09-14 20:00:00,"0,0,3,0,0,0,0,0,0,0,0,0,0,11,0,0,0,0,0,0,0,0,0,0,0,0,0,0,0,0,0,0,0,0,0,0,0,0",,False
4203,NSERC Information Session,2017-09-21 09:30:00,2017-09-21 11:30:00,"0,0,3,0,0,0,0,0,0,0,8,0,0,0,0,0,0,0,0,0,0,0,0,0,0,0,0,0,0,0,0,0,0,0,0,0,0,0",,False
4204,Grad Pro Skills: Proper Paraphrasing and Summarizing,2017-11-09 12:00:00,2017-11-09 13:00:00,"0,0,3,0,0,0,0,0,0,0,8,0,0,0,0,0,0,0,0,0,0,0,0,0,0,0,0,0,0,0,0,0,0,0,0,0,0,0",,False
4205R918,Social Insurance Number Clinic,2017-09-14 09:15:00,2017-09-14 16:00:00,"0,0,3,0,0,0,0,0,0,0,0,0,0,0,0,0,0,0,0,0,0,0,0,18,0,0,0,0,0,0,0,0,0,0,0,0,27,0,0",,False
4206,Bruce Power Engineering Virtual Career Fair (online),2017-09-12 13:00:00,2017-09-12 18:00:00,"0,0,3,0,49,0,0,0,0,6,0,7,0,0,0,0,0,0,0,0,0,0,0,0,0,0,0,0,0,0,0,0,0,0,0,0,0,0,0,0",,False
4209,Computer Science Seminar,2017-09-13 15:45:00,2017-09-13 16:45:00,"0,2,0,3,0,49,0,58,0,4,0,0,0,0,0,0,10,0,0,0,0,0,0,0,0,0,0,0,0,0,0,0,0,0,0,0,0,0,0,0,0,0",,False
4210R922,Visiting Elder Program - October 2 to 6,2017-10-02 08:30:00,2017-10-06 16:30:00,"0,2,0,3,0,0,0,0,0,0,0,0,0,0,0,0,0,0,0,0,0,0,0,12,0,0,0,0,0,0,0,0,0,0,0,0,0,27,0,0",,False
4211R920,UOIT Science Café,2017-09-16 11:00:00,2017-09-16 15:00:00,"0,0,3,0,0,0,0,0,0,0,0,0,10,0,0,0,0,0,0,0,0,0,0,0,0,0,0,0,0,0,0,0,0,0,0,0,0,0",,False
4212,Study permit and visa renewal information session,2017-09-26 11:00:00,2017-09-26 12:30:00,"0,0,3,0,0,0,0,0,0,0,0,0,0,0,0,0,0,0,0,0,0,0,0,18,0,0,0,0,0,0,0,0,0,0,0,0,27,0,0",,False
4213,Post-graduation work permit information session,2017-09-28 11:00:00,2017-09-28 12:00:00,"0,0,3,0,0,0,0,0,0,0,0,0,0,0,0,0,0,0,0,0,0,0,0,18,0,0,0,0,0,0,0,0,0,0,0,0,27,0,0",,False
4214,Permanent residency information session,2017-09-28 12:00:00,2017-09-28 13:00:00,"0,0,3,0,0,0,0,0,0,0,0,0,0,0,0,0,0,0,0,0,0,0,0,18,0,0,0,0,0,0,0,0,0,0,0,0,27,0,0",,False
4215,Post-graduation work permit information session,2017-10-17 10:00:00,2017-10-17 11:00:00,"0,0,3,0,0,0,0,0,0,0,0,0,0,0,0,0,0,0,0,0,0,0,0,18,0,0,0,0,0,0,0,0,0,0,0,0,27,0,0",,False
4216,Permanent residency information session,2017-10-17 11:00:00,2017-10-17 12:00:00,"0,2,0,3,0,0,0,0,0,0,0,0,0,0,0,0,0,0,0,0,0,0,0,0,18,0,0,0,0,0,0,0,0,0,0,0,0,27,0,0",,False
4217,Health and Wellness Fair,2017-10-26 10:00:00,2017-10-26 14:00:00,"0,2,0,0,0,0,0,0,0,0,0,0,0,0,0,0,0,0,0,0,0,50,0,0,0,0,0,0,0,0,0,0,0,0,0,0,0,0",,False
4218,Doors Open Oshawa 2017,2017-09-30 10:00:00,2017-09-30 16:00:00,"0,2,0,3,0,49,0,58,0,0,0,0,0,0,0,0,0,0,0,0,0,0,0,0,0,0,0,0,0,0,0,0,0,0,0,0,0,0,0,0",,False
4221,WiE Workshop Series: Resilience in the Workplace,2017-09-25 13:30:00,2017-09-25 13:30:00,"0,0,3,0,0,0,0,0,0,7,0,0,0,0,0,0,0,0,0,0,0,0,0,0,0,0,0,0,0,0,0,0,0,0,0,0,0,0",,False
4222,UOIT Pension Plan Workshop - It&apos;s My Time To Save (downtown location),2017-10-03 10:00:00,2017-10-03 11:00:00,"0,2,0,0,0,0,0,0,0,0,0,0,0,0,0,0,0,0,0,0,0,50,0,0,0,0,0,0,0,0,0,0,0,0,0,0,0,0",,False
4223,UOIT Pension Plan Workshop - It&apos;s My Time To Save (north location),2017-10-03 12:30:00,2017-10-03 13:30:00,"0,2,0,0,0,0,0,0,0,0,0,0,0,0,0,0,0,0,0,0,0,50,0,0,0,0,0,0,0,0,0,0,0,0,0,0,0,0",,False
4224,UOIT Pension Plan one-on-one information sessions,2017-10-11 08:30:00,2017-10-12 16:30:00,"0,2,0,0,0,0,0,0,0,0,0,0,0,0,0,0,0,0,0,0,0,50,0,0,0,0,0,0,0,0,0,0,0,0,0,0,0,0",,False
4225,UOIT Pension Plan one-on-one information sessions,2017-10-13 09:00:00,2017-10-13 12:30:00,"0,2,0,0,0,0,0,0,0,0,0,0,0,0,0,0,0,0,0,0,0,50,0,0,0,0,0,0,0,0,0,0,0,0,0,0,0,0",,False
4228,Alumni Day and Annual General Meeting,2017-10-14 12:30:00,2017-10-14 15:00:00,"0,0,0,49,0,0,4,0,5,0,6,0,7,0,8,0,9,0,10,0,11,0,0,0,0,0,0,0,0,0,0,0,0,0,0,0,0,0,0,0,0,0,0,0,0",,False
4229,Entrepreneurship 101: What is Entrepreneurship,2017-10-17 17:00:00,2017-10-17 19:00:00,"0,0,3,0,49,0,0,0,0,0,0,0,0,0,0,0,68,0,0,0,0,0,0,0,0,0,0,0,0,0,0,0,0,0,24,0,0,0,0,0,0",,False
4230,Let&apos;s Work Together: on Business Model Canvas! with Teresa Shaver,2017-10-17 17:30:00,2017-10-17 19:00:00,"0,0,3,0,49,0,0,0,0,0,0,0,0,0,0,0,68,0,0,0,0,0,0,0,0,0,0,0,0,0,0,0,0,0,24,0,0,0,0,0,0",,False
4231,Let&apos;s Get Out There: Pitch Workshop! with Andrea Kennedy,2017-10-31 17:30:00,2017-10-31 19:00:00,"0,0,3,0,49,0,0,0,0,0,0,0,0,0,0,0,68,0,0,0,0,0,0,0,0,0,0,0,0,0,0,0,0,0,24,0,0,0,0,0,0",,False
4232,Win $500! Brilliant Women&apos;s Pitch Event,2017-11-14 17:30:00,2017-11-14 19:00:00,"0,0,3,0,49,0,0,0,0,0,0,0,0,0,0,0,0,0,0,0,0,0,0,0,0,0,0,0,0,0,0,0,0,24,0,0,0,0,0,0",,False
4234,Immigration information session: Express Entry,2017-10-25 13:30:00,2017-10-25 15:00:00,"0,2,0,3,0,0,0,0,0,0,0,0,0,0,0,0,0,0,0,0,0,0,0,0,0,0,18,0,0,0,0,0,0,0,0,0,0,0,27,0,0",,False
4235,Legal Studies Distinguished Visitors Lecture Series: Brian Beamish,2017-11-07 17:00:00,2017-11-07 18:30:00,"0,2,0,0,0,0,0,0,0,0,0,0,0,11,0,0,0,0,0,0,0,0,0,0,0,0,0,0,0,0,0,0,0,0,0,0,0,0,0",,False
4236,Go ENG Girl,2017-10-14 09:00:00,2017-10-14 14:30:00,"0,0,0,0,58,0,0,0,0,7,0,0,0,0,0,0,0,0,0,0,0,0,0,0,0,0,0,0,0,0,0,0,0,0,0,0,0,0",,False
4237,Faculty of Education&apos;s Maker Day,2017-10-13 09:00:00,2017-10-13 16:00:00,"0,2,0,3,0,49,0,58,0,0,5,0,0,0,0,0,0,0,0,0,0,0,0,0,0,0,0,0,0,0,0,0,0,0,0,0,0,0,0,0,0",,False
4238,Women in Engineering (WiE) Workshop Series: Mental Health and Mindfulness,2017-10-18 17:00:00,2017-10-18 18:00:00,"0,0,3,0,0,0,0,0,0,7,0,0,0,0,0,0,0,0,0,0,0,0,0,0,0,0,0,0,0,0,0,0,0,0,0,0,0,0,0",,False
4239,U.S. Consulate Visa Information Session,2017-10-18 14:00:00,2017-10-18 16:00:00,"0,2,0,3,0,0,0,0,0,0,0,0,0,0,0,0,0,0,0,0,0,0,0,0,0,0,18,0,0,0,0,0,0,0,0,0,0,0,27,0,0",,False
4240,Time to Choose: Environmental Fall Film Night,2017-10-19 18:30:00,2017-10-19 21:00:00,"0,2,0,3,0,49,0,58,0,0,0,0,0,0,0,0,0,0,0,0,0,0,0,0,0,0,0,0,0,0,0,0,0,0,0,0,0,0,0,0,52,0",,False
4241,Secure-and-hold drill – north Oshawa campus location,2017-10-31 09:45:00,2017-10-31 10:15:00,"0,0,0,0,0,0,0,0,0,0,0,0,0,0,0,0,0,0,0,0,0,0,0,0,0,0,0,0,0,0,0,0,0,0,0,0,0",,False
4242,Secure-and-hold drill – downtown Oshawa campus location,2017-11-01 09:45:00,2017-11-01 10:15:00,"0,0,0,0,0,0,0,0,0,0,0,0,0,0,0,0,0,0,0,0,0,0,0,0,0,0,0,0,0,0,0,0,0,0,0,0,0",,False
4244,Sexual Violence Prevention Summit,2017-10-26 10:00:00,2017-10-26 16:30:00,"0,2,0,3,0,0,0,0,0,0,0,0,0,0,0,0,0,0,0,0,0,0,0,0,0,0,0,0,0,0,0,0,0,0,0,0,0,27,0,0",,False
4245R923,Co-curricular Period (fall break) - October 26 to 29,2017-10-26 00:15:00,2017-10-27 23:45:00,"0,2,0,3,0,0,0,4,0,5,0,6,0,7,0,0,9,0,10,0,0,0,0,0,0,0,0,0,0,0,0,0,0,0,0,0,0,0,23,0,0,0,0,0,0,0",,False
4246R924,Fall semester exam period - December 6 to 17,2017-12-06 08:00:00,2017-12-17 18:00:00,"0,0,3,0,0,0,4,0,5,0,6,0,7,0,0,9,0,10,0,11,0,0,0,0,0,0,0,0,0,0,0,0,0,0,0,0,0,0,23,0,0,0,0,0,0,0",,False
4247R925,Holiday closure period - December 25 to January 1,2017-12-25 00:15:00,2018-01-01 23:45:00,"0,2,0,3,0,0,0,4,0,5,0,6,0,7,0,8,0,9,0,10,0,11,0,0,0,0,0,0,0,0,0,0,0,0,18,0,0,0,0,0,0,23,0,0,0,0,0,0,0",,False
4248,Student Job Fair for the Nuclear Industry,2017-10-21 09:00:00,2017-10-21 17:00:00,"0,0,3,0,0,58,0,0,0,6,0,0,8,0,0,0,0,0,0,0,0,0,0,0,0,0,0,0,0,0,0,0,0,0,0,0,0,0,0,0,0",,False
4249,OUA Men&apos;s Soccer playoff vs Laurentian,2017-10-25 18:00:00,2017-10-25 20:00:00,"0,2,0,3,0,49,0,58,0,0,0,0,0,0,0,0,0,67,0,0,0,0,0,0,0,0,0,0,0,0,0,0,0,0,0,0,0,0,0,0,0,0",,False
4250,Open Friday @TLC,2017-10-27 09:30:00,2017-10-27 11:30:00,"0,2,0,0,0,0,0,0,0,0,0,0,0,0,0,0,0,0,0,0,0,0,0,0,0,0,0,0,0,0,0,0,0,0,0,0,0,0,54",,False
4251,OUA Women&apos;s Soccer playoff game vs Laurentian,2017-10-29 16:00:00,2017-10-29 18:00:00,"0,2,0,3,0,49,0,58,0,0,0,0,0,0,0,0,0,67,0,0,0,0,0,0,0,0,0,0,0,0,0,0,0,0,0,0,0,0,0,0,0,0",,False
4254,Open Friday @TLC,2017-11-03 09:30:00,2017-11-03 11:30:00,"0,2,0,0,0,0,0,0,0,0,0,0,0,0,0,0,0,0,0,0,0,0,0,0,0,0,0,0,0,0,0,0,0,0,0,0,0,0,54",,False
4252,Long Night Against Procrastination,2017-11-07 16:00:00,2017-11-07 22:00:00,"0,0,3,0,0,0,0,0,0,0,0,0,0,0,0,0,0,0,0,0,0,0,0,0,0,0,0,0,0,0,0,0,0,0,0,13,0,0,0",,False
4253,Business and IT Internship Poster Presentations,2017-11-01 14:00:00,2017-11-01 17:00:00,"0,2,0,3,0,49,0,58,0,4,0,0,0,0,0,0,0,0,0,0,0,0,0,0,0,0,0,0,0,0,0,0,0,0,0,0,0,0,0,0,0,0",,False
4255,Open Friday @TLC,2017-11-10 09:30:00,2017-11-10 11:30:00,"0,2,0,0,0,0,0,0,0,0,0,0,0,0,0,0,0,0,0,0,0,0,0,0,0,0,0,0,0,0,0,0,0,0,0,0,0,0,54",,False
4256,Open Friday @TLC,2017-11-17 09:30:00,2017-11-17 11:30:00,"0,2,0,0,0,0,0,0,0,0,0,0,0,0,0,0,0,0,0,0,0,0,0,0,0,0,0,0,0,0,0,0,0,0,0,0,0,0,54",,False
4257,Open Friday @TLC,2017-11-24 09:30:00,2017-11-24 11:30:00,"0,2,0,0,0,0,0,0,0,0,0,0,0,0,0,0,0,0,0,0,0,0,0,0,0,0,0,0,0,0,0,0,0,0,0,0,0,0,54",,False
4258,Open Friday @TLC,2017-12-01 09:30:00,2017-12-01 11:30:00,"0,2,0,0,0,0,0,0,0,0,0,0,0,0,0,0,0,0,0,0,0,0,0,0,0,0,0,0,0,0,0,0,0,0,0,0,0,0,54",,False
4259,Open Friday @TLC,2017-12-08 09:30:00,2017-12-08 11:30:00,"0,2,0,0,0,0,0,0,0,0,0,0,0,0,0,0,0,0,0,0,0,0,0,0,0,0,0,0,0,0,0,0,0,0,0,0,0,0,54",,False
4260,Open Friday @TLC,2017-12-15 09:30:00,2017-12-15 11:30:00,"0,2,0,0,0,0,0,0,0,0,0,0,0,0,0,0,0,0,0,0,0,0,0,0,0,0,0,0,0,0,0,0,0,0,0,0,0,0,54",,False
4262R931,OUA Women&apos;s Soccer Final Four - Nov. 4 and 5,2017-11-04 13:00:00,2017-11-05 18:30:00,"0,2,0,3,0,49,0,58,0,0,0,0,0,0,0,0,0,67,0,0,0,0,0,0,0,0,0,0,0,0,0,0,0,0,0,0,0,0,0,0,0,0",,False
4263,Faculty of Business and IT Reverse Career Fair,2017-11-09 10:00:00,2017-11-09 12:00:00,"0,0,3,0,0,0,4,0,0,0,0,0,0,0,0,0,0,0,0,0,0,0,0,0,0,0,0,0,0,0,0,0,0,0,0,0,0,0,0",,False
4264,Financing Your Education Information Night,2017-11-15 19:00:00,2017-11-15 20:30:00,"0,0,0,0,58,0,0,0,0,0,0,0,0,0,0,0,0,0,0,0,0,0,0,0,0,0,0,0,0,0,0,0,0,0,60,0,0,0,0",,False
4265,UOIT hosting Go ENG Girl Peterborough,2017-11-18 09:00:00,2017-11-18 02:30:00,"0,0,0,0,58,0,0,0,0,7,0,0,0,0,0,0,0,0,0,0,0,0,0,0,0,0,0,0,0,0,0,0,0,0,0,0,0,0,0",,False
4266,UOIT Engineering Robotics Competition,2017-11-25 11:00:00,2017-11-25 18:00:00,"0,2,0,3,0,49,0,58,0,0,0,0,7,0,0,0,0,0,0,0,0,0,0,0,0,0,0,0,0,0,0,0,0,0,0,0,0,0,0,0,0,0",,False
4267R933,IT Services administrative systems outage November 9 to 14,2017-11-09 17:00:00,2017-11-14 06:00:00,"0,2,0,3,0,0,0,4,0,5,0,6,0,7,0,8,0,9,0,10,0,11,0,0,0,0,0,0,0,0,0,0,0,0,0,19,0,0,0,0,0,0,0,0,0,0,0,0",,False
4268,Financing Your Education Information Night,2017-11-15 19:00:00,2017-11-15 20:30:00,"0,0,0,0,58,0,0,0,0,0,0,0,0,0,0,0,0,0,0,0,0,0,0,0,0,0,0,0,0,0,0,0,0,0,60,0,0,0,0",,False
4269,Ontario Student Assistance Program - Repaying Your Government-Sponsored Student Loans (webinar),2017-11-27 12:00:00,2017-11-27 13:00:00,"0,0,3,0,0,0,0,0,0,0,0,0,0,0,0,0,0,0,0,0,0,0,0,0,0,0,0,0,0,0,0,0,0,0,60,0,0,0,0",,False
4270,Assante Financial Management Ltd. - Introduction to Financial Planning,2017-11-29 12:30:00,2017-11-29 13:30:00,"0,0,3,0,0,0,0,0,0,0,0,0,0,0,0,0,0,0,0,0,0,0,0,0,0,0,0,0,0,0,0,0,0,0,60,0,0,0,0",,False
4271,"UOIT Career Centre – Impactful resumé, cover letter and LinkedIn profile",2017-11-30 14:00:00,2017-11-30 15:30:00,"0,0,3,0,0,0,0,0,0,0,0,0,0,0,0,0,0,0,0,0,0,0,0,0,0,0,0,0,0,0,0,0,0,0,60,0,0,0,0",,False
4272,SAFA Financial Literacy Information Alley,2017-11-28 11:00:00,2017-11-28 13:00:00,"0,0,3,0,0,0,0,0,0,0,0,0,0,0,0,0,0,0,0,0,0,0,0,0,0,0,0,0,0,0,0,0,0,0,60,0,0,0,0",,False
4274,2018 Undergraduate Research Awards Information Session (north Oshawa location),2017-11-28 17:00:00,2017-11-28 18:00:00,"0,0,3,0,0,0,0,0,0,0,0,0,0,0,0,0,0,0,0,0,0,0,0,0,0,0,0,0,0,0,0,0,24,0,0,0,0,0,0",,False
4275,2018 Undergraduate Research Awards Information Session (downtown Oshawa location),2017-11-29 17:00:00,2017-11-29 18:00:00,"0,0,3,0,0,0,0,0,0,0,0,0,0,0,0,0,0,0,0,0,0,0,0,0,0,0,0,0,0,0,0,0,24,0,0,0,0,0,0",,False
4276,International Education Fair,2017-11-17 10:00:00,2017-11-17 02:00:00,"0,0,3,0,0,0,0,0,0,0,0,0,0,0,0,0,0,0,0,0,0,0,0,0,0,18,0,0,0,0,0,0,0,0,0,0,0,0,0",,False
4277,Fall Open House,2017-11-25 09:00:00,2017-11-25 14:00:00,"0,2,0,3,0,49,0,58,0,0,0,0,0,0,0,0,0,0,0,0,0,0,0,0,0,0,0,0,0,0,0,0,0,0,23,0,0,0,0,0,0,0",,False
4278,WiE Workshop Series: Conflict Resolution & Salary Negotiation,2017-11-27 17:00:00,2017-11-27 18:00:00,"0,2,0,3,0,49,0,0,0,0,0,7,0,0,0,0,0,0,0,0,0,0,0,0,0,0,0,0,0,0,0,0,0,0,0,0,0,0,0,0,0",,False
4279R934,Student Course Feedback Survey,2017-11-20 02:00:00,2017-12-04 23:30:00,"0,2,0,3,0,0,0,0,0,0,0,0,0,0,0,0,0,0,0,0,0,0,0,0,0,0,0,0,0,0,0,0,0,0,0,0,0,0,0,54",,False
4280,TLC Workshop: Strategies for Engagement,2017-11-24 10:00:00,2017-11-24 11:00:00,"0,2,0,0,0,0,0,0,0,0,0,0,0,0,0,0,0,0,0,0,0,0,0,0,0,0,0,0,0,0,0,0,0,0,0,0,0,0,54",,False
4281,TLC Workshop: Learning Technology for Teaching Assistants,2018-01-12 09:30:00,2018-01-12 11:00:00,"0,2,0,0,0,0,0,0,0,0,0,0,0,0,0,0,0,0,0,0,0,0,0,0,0,0,0,0,0,0,0,0,0,0,0,0,0,0,54",,False
4282,TLC Workshop: Teaching Labs and Tutorials,2018-01-05 13:30:00,2018-01-05 15:00:00,"0,2,0,0,0,0,0,0,0,0,0,0,0,0,0,0,0,0,0,0,0,0,0,0,0,0,0,0,0,0,0,0,0,0,0,0,0,0,54",,False
4283,TLC Workshop: Analytics for Teaching,2017-12-20 11:00:00,2017-12-20 12:00:00,"0,2,0,0,0,0,0,0,0,0,0,0,0,0,0,0,0,0,0,0,0,0,0,0,0,0,0,0,0,0,0,0,0,0,0,0,0,0,54",,False
4284,TLC Workshop: Writing and Publishing About Your Teaching,2017-12-21 10:30:00,2017-12-21 11:30:00,"0,2,0,0,0,0,0,0,0,0,0,0,0,0,0,0,0,0,0,0,0,0,0,0,0,0,0,0,0,0,0,0,0,0,0,0,0,0,54",,False
4285,TLC Workshop: Mindfulness for Educators,2018-02-27 10:00:00,2018-02-27 11:30:00,"0,2,0,0,0,0,0,0,0,0,0,0,0,0,0,0,0,0,0,0,0,0,0,0,0,0,0,0,0,0,0,0,0,0,0,0,0,0,54",,False
4286,TLC Workshop: Blackboard Drop-In,2018-01-12 13:00:00,2018-01-12 14:30:00,"0,2,0,0,0,0,0,0,0,0,0,0,0,0,0,0,0,0,0,0,0,0,0,0,0,0,0,0,0,0,0,0,0,0,0,0,0,0,54",,False
4287,TLC Workshop: Introduction to Adobe Connect,2017-12-15 10:00:00,2017-12-15 11:00:00,"0,2,0,0,0,0,0,0,0,0,0,0,0,0,0,0,0,0,0,0,0,0,0,0,0,0,0,0,0,0,0,0,0,0,0,0,0,0,54",,False
4288,TLC Workshop: Introduction to Camtasia,2018-01-05 10:00:00,2018-01-05 11:00:00,"0,2,0,0,0,0,0,0,0,0,0,0,0,0,0,0,0,0,0,0,0,0,0,0,0,0,0,0,0,0,0,0,0,0,0,0,0,0,54",,False
4289,TLC Workshop: Open Educational Resources,2017-12-19 10:00:00,2017-12-19 11:00:00,"0,2,0,0,0,0,0,0,0,0,0,0,0,0,0,0,0,0,0,0,0,0,0,0,0,0,0,0,0,0,0,0,0,0,0,0,0,0,54",,False
4291,Fundamentals of Project Management,2018-03-21 09:00:00,2018-03-21 16:00:00,"0,2,0,0,0,58,0,4,0,0,0,0,0,0,0,0,0,0,0,0,0,0,0,0,0,0,0,0,0,59,0,0,0,0,0,0,0,0,0,0,0",,False
4292,Ceremony: National Day of Remembrance and Action on Violence Against Women,2017-12-06 13:00:00,2017-12-06 13:45:00,"0,2,0,3,0,49,0,58,0,0,0,6,0,7,0,8,0,0,0,0,0,0,0,0,0,0,0,0,0,0,0,0,0,0,0,0,0,0,0,0,0,0,0,0",,False
4293,MLH Local Hack Day @ UOIT,2017-12-02 09:00:00,2017-12-02 21:00:00,"0,2,0,3,0,0,0,0,0,0,7,0,0,0,10,0,0,0,0,0,0,0,0,0,0,0,0,0,0,0,0,0,0,0,0,0,0,0,0,0,0",,False
4294,New Student Orientation - Winter 2018,2018-01-05 09:30:00,2018-01-05 16:30:00,"0,0,3,0,0,0,0,0,0,0,0,0,0,0,0,0,0,0,0,0,0,0,0,0,0,0,0,0,0,0,0,0,0,0,0,0,27,0,0",,False
4295,Immigration Information Session: Post Graduation Work Permits,2017-12-19 11:00:00,2017-12-19 12:00:00,"0,0,3,0,0,0,0,0,0,0,0,0,0,0,0,0,0,0,0,0,0,0,0,0,0,18,0,0,0,0,0,0,0,0,0,0,0,27,0,0",,False
4296R946,Immigration Information Session,2018-01-18 10:00:00,2018-01-18 11:00:00,"0,0,3,0,0,0,0,0,0,0,0,0,0,0,0,0,0,0,0,0,0,0,0,0,0,18,0,0,0,0,0,0,0,0,0,0,0,27,0,0",,False
4296R947,Immigration Information Session,2018-01-17 10:00:00,2018-01-17 11:00:00,"0,0,3,0,0,0,0,0,0,0,0,0,0,0,0,0,0,0,0,0,0,0,0,0,0,18,0,0,0,0,0,0,0,0,0,0,0,27,0,0",,False
4297,Immigration Information Session: Permanent Residency,2017-12-19 13:00:00,2017-12-19 14:00:00,"0,2,0,3,0,0,0,0,0,0,0,0,0,0,0,0,0,0,0,0,0,0,0,0,0,0,18,0,0,0,0,0,0,0,0,0,0,0,27,0,0",,False
4298R948,Immigration Information Session: Permanent Residency,2018-01-17 11:00:00,2018-01-17 12:00:00,"0,2,0,3,0,0,0,0,0,0,0,0,0,0,0,0,0,0,0,0,0,0,0,0,0,0,18,0,0,0,0,0,0,0,0,0,0,0,27,0,0",,False
4298R949,Immigration Information Session: Permanent Residency,2018-01-18 11:00:00,2018-01-18 12:00:00,"0,2,0,3,0,0,0,0,0,0,0,0,0,0,0,0,0,0,0,0,0,0,0,0,0,0,18,0,0,0,0,0,0,0,0,0,0,0,27,0,0",,False
4299,Graduate Student Orientation,2018-01-04 10:45:00,2018-01-04 17:00:00,"0,0,3,0,0,0,0,0,0,0,8,0,0,0,0,0,0,0,0,0,0,0,0,0,0,0,0,0,0,0,0,0,0,0,0,0,0,0,0",,False
4300,Ski and Snowboard Trip,2018-01-20 08:00:00,2018-01-20 18:00:00,"0,0,3,0,0,0,0,0,0,0,0,0,0,0,0,0,0,0,0,0,0,0,0,0,0,18,0,0,0,0,0,0,0,0,0,0,0,0,0",,False
4301,Ski and Snowboard Trip,2018-02-17 08:00:00,2018-02-17 18:00:00,"0,0,3,0,0,0,0,0,0,0,0,0,0,0,0,0,0,0,0,0,0,0,0,0,0,18,0,0,0,0,0,0,0,0,0,0,0,0,0",,False
4302R939,AskMe@UOIT (January 8 to 12),2018-01-08 08:00:00,2018-01-12 16:00:00,"0,0,0,0,0,0,0,0,0,0,0,0,0,0,0,0,0,0,0,0,0,0,0,0,0,0,0,0,0,0,0,0,0,0,0,27,0,0",,False
4303R941,Winter laptop distribution for Full TELE students,2018-01-02 09:00:00,2018-01-12 16:00:00,"0,0,3,0,0,0,0,0,0,0,0,0,0,0,0,0,0,0,0,0,0,0,0,0,0,0,19,0,0,0,0,0,0,0,0,0,0,0,0",,False
4304,Winter software distribution for BYOD TELE students,2018-01-01 00:00:00,2018-01-01 00:00:00,"0,0,3,0,0,0,0,0,0,0,0,0,0,0,0,0,0,0,0,0,0,0,0,0,0,0,19,0,0,0,0,0,0,0,0,0,0,0,0",,False
4305,Graduating Class Challenge Future Alumni Wing Fling,2018-01-22 12:30:00,2018-01-22 14:00:00,"0,0,3,0,0,0,0,0,0,0,0,0,0,0,0,0,0,0,0,0,0,0,0,0,0,0,0,0,0,0,0,0,0,0,0,0,0,0",,False
4306,Graduating Class Challenge Future Alumni Downtown Cafe,2018-01-23 11:00:00,2018-01-23 15:00:00,"0,0,3,0,0,0,0,0,0,0,0,0,0,0,0,0,0,0,0,0,0,0,0,0,0,0,0,0,0,0,0,0,0,0,0,0,0,0",,False
4307,Graduating Class Challenge 2018 Class Photo and Professional Headshots,2018-01-24 11:30:00,2018-01-24 13:00:00,"0,0,3,0,0,0,0,0,0,0,0,0,0,0,0,0,0,0,0,0,0,0,0,0,0,0,0,0,0,0,0,0,0,0,0,0,0,0",,False
4308,Graduating Class Challenge Student-Alumni Connect Happy Hour,2018-01-25 19:30:00,2018-01-25 21:00:00,"0,0,3,0,0,0,0,0,0,0,0,0,0,0,0,0,0,0,0,0,0,0,0,0,0,0,0,0,0,0,0,0,0,0,0,0,0,0",,False
4310,Social Insurance Number clinics,2018-01-09 09:45:00,2018-01-09 16:00:00,"0,0,3,0,0,0,0,0,0,0,0,0,0,0,0,0,0,0,0,0,0,0,0,0,0,18,0,0,0,0,0,0,0,0,0,0,0,0,0",,False
4311,Social Insurance Number clinics,2018-01-11 09:45:00,2018-01-11 16:00:00,"0,0,3,0,0,0,0,0,0,0,0,0,0,0,0,0,0,0,0,0,0,0,0,50,0,0,18,0,0,0,0,0,0,0,0,0,0,0,0,0",,False
4312R942,Technologies of Justice Conference (January 26 and 27),2018-01-26 08:30:00,2018-01-27 16:00:00,"0,2,0,3,0,0,58,0,0,0,0,0,0,0,0,11,0,0,0,0,0,0,0,0,0,0,0,0,0,0,0,0,0,0,0,0,0,0,0,0,0",,False
4313,Public Speaking 101 (Grad Pro Skills),2018-02-01 12:00:00,2018-02-01 13:00:00,"0,0,3,0,0,0,0,0,0,0,8,0,0,0,0,0,0,0,0,0,0,0,0,0,0,0,0,0,0,0,0,0,0,0,0,0,0,0,0",,False
4314,Developing Your Intercultural Self-Awareness (Grad Pro Skills),2018-02-02 11:30:00,2018-02-02 13:30:00,"0,0,3,0,0,0,0,0,0,0,8,0,0,0,0,0,0,0,0,0,0,0,0,0,0,0,0,0,0,0,0,0,0,0,0,0,0,0,0",,False
4315,Practice Your Presentation (presented by MITACS) - Grad Pro Skills,2018-02-23 09:00:00,2018-02-23 16:30:00,"0,0,3,0,0,0,0,0,0,0,8,0,0,0,0,0,0,0,0,0,0,0,0,0,0,0,0,0,0,0,0,0,0,0,0,0,0,0,0",,False
4316,Getting It Right in Grad School: Graduate Supervision Roles and Responsibilities (Grad Pro Skills),2018-01-11 12:00:00,2018-01-11 13:00:00,"0,0,3,0,0,0,0,0,0,0,8,0,0,0,0,0,0,0,0,0,0,0,0,0,0,0,0,0,0,0,0,0,0,0,0,0,0,0,0",,False
4317,Perfecting Literature Reviews (Grad Pro Skills),2018-01-12 12:00:00,2018-01-12 13:00:00,"0,0,3,0,0,0,0,0,0,0,8,0,0,0,0,0,0,0,0,0,0,0,0,0,0,0,0,0,0,0,0,0,0,0,0,0,0,0,0",,False
4318,Making an impact: Your research identity (Grad Pro Skills),2018-02-21 12:00:00,2018-02-21 01:00:00,"0,0,3,0,0,0,0,0,0,0,8,0,0,0,0,0,0,0,0,0,0,0,0,0,0,0,0,0,0,0,0,0,0,0,0,0,0,0,0",,False
4319,Writing Up Research (Grad Pro Skills),2018-04-09 13:30:00,2018-04-09 15:30:00,"0,0,3,0,0,0,0,0,0,0,8,0,0,0,0,0,0,0,0,0,0,0,0,0,0,0,0,0,0,0,0,0,0,0,0,0,0,0,0",,False
4320,No Mind Left Behind: Collaborative Leadership (Grad Pro Skills),2018-02-09 12:00:00,2018-02-09 13:00:00,"0,0,3,0,0,0,0,0,0,0,8,0,0,0,0,0,0,0,0,0,0,0,0,0,0,0,0,0,0,0,0,0,0,0,0,0,0,0,0",,False
4321,No Mind Left Behind: Collaborative Leadership (Grad Pro Skills),2018-03-29 12:00:00,2018-03-29 13:00:00,"0,0,3,0,0,0,0,0,0,0,8,0,0,0,0,0,0,0,0,0,0,0,0,0,0,0,0,0,0,0,0,0,0,0,0,0,0,0,0",,False
4322,Values That Guide Us (Grad Pro Skills),2018-01-15 12:00:00,2018-01-15 13:00:00,"0,0,3,0,0,0,0,0,0,0,8,0,0,0,0,0,0,0,0,0,0,0,0,0,0,0,0,0,0,0,0,0,0,0,0,0,0,0,0",,False
4323,"CVs, Academic Job Search and LinkedIn",2018-02-12 11:30:00,2018-02-12 12:30:00,"0,0,3,0,0,0,0,0,0,0,8,0,0,0,0,0,0,0,0,0,0,0,0,0,0,0,0,0,0,0,0,0,0,0,0,0,0,0,0",,False
4324,Non-Academic Job Search (Grad Pro Skills),2018-03-12 11:30:00,2018-03-12 12:30:00,"0,0,3,0,0,0,0,0,0,0,8,0,0,0,0,0,0,0,0,0,0,0,0,0,0,0,0,0,0,0,0,0,0,0,0,0,0,0,0",,False
4325,Networking Skills (presented by MITACS) - Grad Pro Skills,2018-03-27 09:00:00,2018-03-27 16:30:00,"0,0,3,0,0,0,0,0,0,0,8,0,0,0,0,0,0,0,0,0,0,0,0,0,0,0,0,0,0,0,0,0,0,0,0,0,0,0,0",,False
4326,Career Counselling Workshop (Grad Pro Skills),2018-04-02 12:00:00,2018-04-02 13:00:00,"0,0,3,0,0,0,0,0,0,0,8,0,0,0,0,0,0,0,0,0,0,0,0,0,0,0,0,0,0,0,0,0,0,0,0,0,0,0,0",,False
4327,Resumés and Cover Letters (Grad Pro Skills),2018-04-06 12:00:00,2018-04-06 13:00:00,"0,0,3,0,0,0,0,0,0,0,8,0,0,0,0,0,0,0,0,0,0,0,0,0,0,0,0,0,0,0,0,0,0,0,0,0,0,0,0",,False
4328,Respecting Individuals and Supporting Equity (RISE) - Grad Pro Skills,2018-01-24 12:00:00,2018-01-24 13:00:00,"0,0,3,0,0,0,0,0,0,0,8,0,0,0,0,0,0,0,0,0,0,0,0,0,0,0,0,0,0,0,0,0,0,0,0,0,0,0,0",,False
4329,Indigenous Speaker Series: Bridging Indigenous Knowledge Towards Reconciliation,2018-01-24 17:00:00,2018-01-24 18:30:00,"0,2,0,3,0,49,0,58,0,0,0,0,0,0,0,0,0,0,0,0,0,0,0,0,0,0,0,12,0,0,0,0,0,0,0,0,0,0,0,0,27,0,0",,False
4331,Go CODE Girl - Free event for girls in grades 7 to 11,2018-02-03 09:00:00,2018-02-03 14:30:00,"0,2,0,3,0,49,0,58,0,0,0,0,7,0,0,0,0,0,0,0,0,0,0,0,0,0,0,0,0,0,0,0,0,0,0,0,0,0,0,0,0,0",,False
4332,Computer Science Seminar: Achieving Real-Time Video Summarization on Commodity Hardware,2018-01-17 15:30:00,2018-01-17 17:00:00,"0,2,0,3,0,49,0,58,0,4,0,0,0,0,0,0,0,0,0,0,0,0,0,0,0,0,0,0,0,0,0,0,0,0,0,0,0,0,0,0,0,0",,False
4333,Trajectories of Black Youth Achievements: Challenges and Possibilities,2018-02-07 18:00:00,2018-02-07 21:00:00,"0,2,0,3,0,49,0,58,0,4,0,5,0,6,0,0,0,0,0,11,0,0,0,0,0,0,0,0,0,0,0,0,0,0,0,0,0,22,0,0,0,0,0,0,27,0,0",,False
4335,Three Minute Thesis (3MT®) - Finals,2018-03-21 14:00:00,2018-03-21 16:00:00,"0,2,0,3,0,49,0,58,0,0,0,0,0,8,0,0,0,0,0,0,0,0,0,0,0,0,0,0,0,0,0,0,0,0,0,0,0,0,0,0,0,0",,False
4338,Mother Language Festival 2018,2018-03-15 12:00:00,2018-03-15 16:00:00,"0,0,3,0,0,0,0,0,0,0,0,0,0,0,0,0,0,0,0,0,0,0,0,0,0,18,0,0,0,0,0,0,0,0,0,0,0,27,0,0",,False
4339,Symposium: Addressing Climate Change,2018-01-25 13:30:00,2018-01-25 18:30:00,"0,2,0,3,0,49,0,58,0,0,0,6,0,0,0,0,0,11,0,0,0,0,0,0,0,0,0,0,0,0,0,0,0,0,0,0,0,0,0,0,0,0,52,0",,False
4341,Financing Your Education Information Night,2018-01-31 19:00:00,2018-01-31 21:00:00,"0,0,0,0,58,0,0,0,0,0,0,0,0,0,0,0,0,0,0,0,0,0,0,0,0,0,0,0,0,0,0,0,0,0,60,0,0,0,0",,False
4342,Pathway Information Night,2018-02-21 18:00:00,2018-02-21 20:00:00,"0,2,0,0,0,58,0,0,0,0,0,0,0,0,0,0,0,0,0,21,0,0,0,0,0,0,0,0,0,0,0,0,0,0,0,0,0,0,0,0",,False
4343,Winter Open House,2018-03-03 09:00:00,2018-03-03 14:00:00,"0,2,0,3,0,49,0,58,0,0,0,0,0,0,0,0,0,0,0,0,0,0,0,0,0,0,0,0,0,0,0,0,0,0,23,0,0,0,0,0,0,0",,False
4344,Hackathon - City of Oshawa,2018-03-03 08:00:00,2018-03-03 18:00:00,"0,0,3,0,0,0,4,0,5,0,6,0,7,0,8,0,9,0,10,0,11,0,0,68,0,0,0,0,0,0,0,0,0,0,0,0,0,0,0,0,0,24,0,0,0,0,0,0",,False
4345,Computer Science Seminar: Adaptive Single-View 3D Scene Analysis,2018-01-24 15:30:00,2018-01-23 16:30:00,"0,2,0,0,49,0,58,0,4,0,0,0,7,0,0,0,10,0,0,0,0,0,0,0,0,0,0,0,0,0,0,0,0,0,0,0,0,0,0,0,0,0,0",,False
4346,International Potluck,2018-02-04 18:00:00,2018-02-04 20:30:00,"0,0,3,0,0,0,0,0,0,0,0,0,0,0,0,0,0,0,0,0,0,0,0,0,0,18,0,0,0,0,0,0,0,0,0,0,0,27,0,0",,False
4347,Pathways visit - Fleming College,2018-01-31 10:00:00,2018-01-31 14:00:00,"0,0,0,0,58,0,0,0,0,0,0,0,0,0,0,0,0,0,21,0,0,0,0,0,0,0,0,0,0,0,0,0,0,0,0,0,0,0,0",,False
4348,Pathways visit - Georgian College,2018-01-31 10:00:00,2018-01-31 14:00:00,"0,0,0,0,58,0,0,0,0,0,0,0,0,0,0,0,0,0,21,0,0,0,0,0,0,0,0,0,0,0,0,0,0,0,0,0,0,0,0",,False
4349,Pathways visit - Fanshawe College,2018-02-01 10:00:00,2018-02-01 14:00:00,"0,0,3,0,0,58,0,0,0,0,0,0,0,0,0,0,0,0,0,21,0,0,0,0,0,0,0,0,0,0,0,0,0,0,0,0,0,0,0,0",,False
4350,Pathways visit - St. Clair College,2018-02-01 10:00:00,2018-02-01 13:30:00,"0,0,0,0,58,0,0,0,0,0,0,0,0,0,0,0,0,0,21,0,0,0,0,0,0,0,0,0,0,0,0,0,0,0,0,0,0,0,0",,False
4351,Pathways visit - Seneca College,2018-02-01 10:00:00,2018-02-01 15:00:00,"0,0,0,0,58,0,0,0,0,0,0,0,0,0,0,0,0,0,21,0,0,0,0,0,0,0,0,0,0,0,0,0,0,0,0,0,0,0,0",,False
4352,Pathways visit - Canadore College,2018-02-05 10:00:00,2018-02-05 14:00:00,"0,0,0,0,58,0,0,0,0,0,0,0,0,0,0,0,0,0,21,0,0,0,0,0,0,0,0,0,0,0,0,0,0,0,0,0,0,0,0",,False
4353,Pathways visit - Cambrian College,2018-02-06 10:00:00,2018-02-06 14:00:00,"0,0,0,0,58,0,0,0,0,0,0,0,0,0,0,0,0,0,21,0,0,0,0,0,0,0,0,0,0,0,0,0,0,0,0,0,0,0,0",,False
4354,Pathways visit - George Brown College,2018-02-06 11:00:00,2018-02-06 14:00:00,"0,0,0,0,58,0,0,0,0,0,0,0,0,0,0,0,0,0,21,0,0,0,0,0,0,0,0,0,0,0,0,0,0,0,0,0,0,0,0",,False
4355,Pathways visit - George Brown College,2018-02-07 11:00:00,2018-02-07 14:00:00,"0,0,0,0,58,0,0,0,0,0,0,0,0,0,0,0,0,0,21,0,0,0,0,0,0,0,0,0,0,0,0,0,0,0,0,0,0,0,0",,False
4356,Pathways visit - Durham College,2018-02-08 10:00:00,2018-02-08 14:00:00,"0,0,0,0,58,0,0,0,0,0,0,0,0,0,0,0,0,0,21,0,0,0,0,0,0,0,0,0,0,0,0,0,0,0,0,0,0,0,0",,False
4357,Pathways visit - Algonquin College,2018-02-13 10:00:00,2018-02-13 14:00:00,"0,0,0,0,58,0,0,0,0,0,0,0,0,0,0,0,0,0,21,0,0,0,0,0,0,0,0,0,0,0,0,0,0,0,0,0,0,0,0",,False
4358,Pathways visit - Niagara College,2018-02-15 09:00:00,2018-02-15 11:00:00,"0,0,0,0,58,0,0,0,0,0,0,0,0,0,0,0,0,0,21,0,0,0,0,0,0,0,0,0,0,0,0,0,0,0,0,0,0,0,0",,False
4359,Pathways visit - Niagara College,2018-02-15 12:30:00,2018-02-15 14:30:00,"0,0,0,0,58,0,0,0,0,0,0,0,0,0,0,0,0,0,21,0,0,0,0,0,0,0,0,0,0,0,0,0,0,0,0,0,0,0,0",,False
